"REF_DATE","GEO","DGUID","Components of population growth","UOM","UOM_ID","SCALAR_FACTOR","SCALAR_ID","VECTOR","COORDINATE","VALUE","STATUS","SYMBOL","TERMINATED","DECIMALS"
"1971/1972","Canada","2016A000011124","Births","Persons","249","units","0","v391069","1.1","351256","","","","0"
"1972/1973","Canada","2016A000011124","Births","Persons","249","units","0","v391069","1.1","345815","","","","0"
"1973/1974","Canada","2016A000011124","Births","Persons","249","units","0","v391069","1.1","342446","","","","0"
"1974/1975","Canada","2016A000011124","Births","Persons","249","units","0","v391069","1.1","355960","","","","0"
"1975/1976","Canada","2016A000011124","Births","Persons","249","units","0","v391069","1.1","364278","","","","0"
"1976/1977","Canada","2016A000011124","Births","Persons","249","units","0","v391069","1.1","357850","","","","0"
"1977/1978","Canada","2016A000011124","Births","Persons","249","units","0","v391069","1.1","359793","","","","0"
"1978/1979","Canada","2016A000011124","Births","Persons","249","units","0","v391069","1.1","362432","","","","0"
"1979/1980","Canada","2016A000011124","Births","Persons","249","units","0","v391069","1.1","367286","","","","0"
"1980/1981","Canada","2016A000011124","Births","Persons","249","units","0","v391069","1.1","372139","","","","0"
"1981/1982","Canada","2016A000011124","Births","Persons","249","units","0","v391069","1.1","372472","","","","0"
"1982/1983","Canada","2016A000011124","Births","Persons","249","units","0","v391069","1.1","373594","","","","0"
"1983/1984","Canada","2016A000011124","Births","Persons","249","units","0","v391069","1.1","374533","","","","0"
"1984/1985","Canada","2016A000011124","Births","Persons","249","units","0","v391069","1.1","376265","","","","0"
"1985/1986","Canada","2016A000011124","Births","Persons","249","units","0","v391069","1.1","375381","","","","0"
"1986/1987","Canada","2016A000011124","Births","Persons","249","units","0","v391069","1.1","373022","","","","0"
"1987/1988","Canada","2016A000011124","Births","Persons","249","units","0","v391069","1.1","370033","","","","0"
"1988/1989","Canada","2016A000011124","Births","Persons","249","units","0","v391069","1.1","384035","","","","0"
"1989/1990","Canada","2016A000011124","Births","Persons","249","units","0","v391069","1.1","403280","","","","0"
"1990/1991","Canada","2016A000011124","Births","Persons","249","units","0","v391069","1.1","402929","","","","0"
"1991/1992","Canada","2016A000011124","Births","Persons","249","units","0","v391069","1.1","403107","","","","0"
"1992/1993","Canada","2016A000011124","Births","Persons","249","units","0","v391069","1.1","392181","","","","0"
"1993/1994","Canada","2016A000011124","Births","Persons","249","units","0","v391069","1.1","386159","","","","0"
"1994/1995","Canada","2016A000011124","Births","Persons","249","units","0","v391069","1.1","381998","","","","0"
"1995/1996","Canada","2016A000011124","Births","Persons","249","units","0","v391069","1.1","372453","","","","0"
"1996/1997","Canada","2016A000011124","Births","Persons","249","units","0","v391069","1.1","357313","","","","0"
"1997/1998","Canada","2016A000011124","Births","Persons","249","units","0","v391069","1.1","345123","","","","0"
"1998/1999","Canada","2016A000011124","Births","Persons","249","units","0","v391069","1.1","338295","","","","0"
"1999/2000","Canada","2016A000011124","Births","Persons","249","units","0","v391069","1.1","336912","","","","0"
"2000/2001","Canada","2016A000011124","Births","Persons","249","units","0","v391069","1.1","327487","","","","0"
"2001/2002","Canada","2016A000011124","Births","Persons","249","units","0","v391069","1.1","329131","","","","0"
"2002/2003","Canada","2016A000011124","Births","Persons","249","units","0","v391069","1.1","331640","","","","0"
"2003/2004","Canada","2016A000011124","Births","Persons","249","units","0","v391069","1.1","339351","","","","0"
"2004/2005","Canada","2016A000011124","Births","Persons","249","units","0","v391069","1.1","341833","","","","0"
"2005/2006","Canada","2016A000011124","Births","Persons","249","units","0","v391069","1.1","349162","","","","0"
"2006/2007","Canada","2016A000011124","Births","Persons","249","units","0","v391069","1.1","363935","","","","0"
"2007/2008","Canada","2016A000011124","Births","Persons","249","units","0","v391069","1.1","376992","","","","0"
"2008/2009","Canada","2016A000011124","Births","Persons","249","units","0","v391069","1.1","383257","","","","0"
"2009/2010","Canada","2016A000011124","Births","Persons","249","units","0","v391069","1.1","382159","","","","0"
"2010/2011","Canada","2016A000011124","Births","Persons","249","units","0","v391069","1.1","378665","","","","0"
"2011/2012","Canada","2016A000011124","Births","Persons","249","units","0","v391069","1.1","380335","","","","0"
"2012/2013","Canada","2016A000011124","Births","Persons","249","units","0","v391069","1.1","382609","","","","0"
"2013/2014","Canada","2016A000011124","Births","Persons","249","units","0","v391069","1.1","382877","","","","0"
"2014/2015","Canada","2016A000011124","Births","Persons","249","units","0","v391069","1.1","383839","","","","0"
"2015/2016","Canada","2016A000011124","Births","Persons","249","units","0","v391069","1.1","384300","","","","0"
"2016/2017","Canada","2016A000011124","Births","Persons","249","units","0","v391069","1.1","380554","","","","0"
"2017/2018","Canada","2016A000011124","Births","Persons","249","units","0","v391069","1.1","377163","","","","0"
"2018/2019","Canada","2016A000011124","Births","Persons","249","units","0","v391069","1.1","373307","","","","0"
"2019/2020","Canada","2016A000011124","Births","Persons","249","units","0","v391069","1.1","371321","","","","0"
"2020/2021","Canada","2016A000011124","Births","Persons","249","units","0","v391069","1.1","362563","","","","0"
"2021/2022","Canada","2016A000011124","Births","Persons","249","units","0","v391069","1.1","364503","","","","0"
"2022/2023","Canada","2016A000011124","Births","Persons","249","units","0","v391069","1.1","351708","","","","0"
"2023/2024","Canada","2016A000011124","Births","Persons","249","units","0","v391069","1.1","359885","","","","0"
"1971/1972","Canada","2016A000011124","Deaths","Persons","249","units","0","v391084","1.2","159533","","","","0"
"1972/1973","Canada","2016A000011124","Deaths","Persons","249","units","0","v391084","1.2","162618","","","","0"
"1973/1974","Canada","2016A000011124","Deaths","Persons","249","units","0","v391084","1.2","166284","","","","0"
"1974/1975","Canada","2016A000011124","Deaths","Persons","249","units","0","v391084","1.2","168751","","","","0"
"1975/1976","Canada","2016A000011124","Deaths","Persons","249","units","0","v391084","1.2","166428","","","","0"
"1976/1977","Canada","2016A000011124","Deaths","Persons","249","units","0","v391084","1.2","165747","","","","0"
"1977/1978","Canada","2016A000011124","Deaths","Persons","249","units","0","v391084","1.2","169030","","","","0"
"1978/1979","Canada","2016A000011124","Deaths","Persons","249","units","0","v391084","1.2","165805","","","","0"
"1979/1980","Canada","2016A000011124","Deaths","Persons","249","units","0","v391084","1.2","171460","","","","0"
"1980/1981","Canada","2016A000011124","Deaths","Persons","249","units","0","v391084","1.2","170535","","","","0"
"1981/1982","Canada","2016A000011124","Deaths","Persons","249","units","0","v391084","1.2","172352","","","","0"
"1982/1983","Canada","2016A000011124","Deaths","Persons","249","units","0","v391084","1.2","176522","","","","0"
"1983/1984","Canada","2016A000011124","Deaths","Persons","249","units","0","v391084","1.2","174159","","","","0"
"1984/1985","Canada","2016A000011124","Deaths","Persons","249","units","0","v391084","1.2","179085","","","","0"
"1985/1986","Canada","2016A000011124","Deaths","Persons","249","units","0","v391084","1.2","183353","","","","0"
"1986/1987","Canada","2016A000011124","Deaths","Persons","249","units","0","v391084","1.2","182599","","","","0"
"1987/1988","Canada","2016A000011124","Deaths","Persons","249","units","0","v391084","1.2","189917","","","","0"
"1988/1989","Canada","2016A000011124","Deaths","Persons","249","units","0","v391084","1.2","188408","","","","0"
"1989/1990","Canada","2016A000011124","Deaths","Persons","249","units","0","v391084","1.2","192608","","","","0"
"1990/1991","Canada","2016A000011124","Deaths","Persons","249","units","0","v391084","1.2","192439","","","","0"
"1991/1992","Canada","2016A000011124","Deaths","Persons","249","units","0","v391084","1.2","196967","","","","0"
"1992/1993","Canada","2016A000011124","Deaths","Persons","249","units","0","v391084","1.2","201808","","","","0"
"1993/1994","Canada","2016A000011124","Deaths","Persons","249","units","0","v391084","1.2","206464","","","","0"
"1994/1995","Canada","2016A000011124","Deaths","Persons","249","units","0","v391084","1.2","209389","","","","0"
"1995/1996","Canada","2016A000011124","Deaths","Persons","249","units","0","v391084","1.2","209766","","","","0"
"1996/1997","Canada","2016A000011124","Deaths","Persons","249","units","0","v391084","1.2","217221","","","","0"
"1997/1998","Canada","2016A000011124","Deaths","Persons","249","units","0","v391084","1.2","217688","","","","0"
"1998/1999","Canada","2016A000011124","Deaths","Persons","249","units","0","v391084","1.2","217632","","","","0"
"1999/2000","Canada","2016A000011124","Deaths","Persons","249","units","0","v391084","1.2","217229","","","","0"
"2000/2001","Canada","2016A000011124","Deaths","Persons","249","units","0","v391084","1.2","219320","","","","0"
"2001/2002","Canada","2016A000011124","Deaths","Persons","249","units","0","v391084","1.2","220847","","","","0"
"2002/2003","Canada","2016A000011124","Deaths","Persons","249","units","0","v391084","1.2","224254","","","","0"
"2003/2004","Canada","2016A000011124","Deaths","Persons","249","units","0","v391084","1.2","229256","","","","0"
"2004/2005","Canada","2016A000011124","Deaths","Persons","249","units","0","v391084","1.2","230211","","","","0"
"2005/2006","Canada","2016A000011124","Deaths","Persons","249","units","0","v391084","1.2","225915","","","","0"
"2006/2007","Canada","2016A000011124","Deaths","Persons","249","units","0","v391084","1.2","234193","","","","0"
"2007/2008","Canada","2016A000011124","Deaths","Persons","249","units","0","v391084","1.2","236696","","","","0"
"2008/2009","Canada","2016A000011124","Deaths","Persons","249","units","0","v391084","1.2","237896","","","","0"
"2009/2010","Canada","2016A000011124","Deaths","Persons","249","units","0","v391084","1.2","237330","","","","0"
"2010/2011","Canada","2016A000011124","Deaths","Persons","249","units","0","v391084","1.2","245667","","","","0"
"2011/2012","Canada","2016A000011124","Deaths","Persons","249","units","0","v391084","1.2","242669","","","","0"
"2012/2013","Canada","2016A000011124","Deaths","Persons","249","units","0","v391084","1.2","251865","","","","0"
"2013/2014","Canada","2016A000011124","Deaths","Persons","249","units","0","v391084","1.2","253122","","","","0"
"2014/2015","Canada","2016A000011124","Deaths","Persons","249","units","0","v391084","1.2","266313","","","","0"
"2015/2016","Canada","2016A000011124","Deaths","Persons","249","units","0","v391084","1.2","262278","","","","0"
"2016/2017","Canada","2016A000011124","Deaths","Persons","249","units","0","v391084","1.2","274517","","","","0"
"2017/2018","Canada","2016A000011124","Deaths","Persons","249","units","0","v391084","1.2","283939","","","","0"
"2018/2019","Canada","2016A000011124","Deaths","Persons","249","units","0","v391084","1.2","283148","","","","0"
"2019/2020","Canada","2016A000011124","Deaths","Persons","249","units","0","v391084","1.2","297195","","","","0"
"2020/2021","Canada","2016A000011124","Deaths","Persons","249","units","0","v391084","1.2","307297","","","","0"
"2021/2022","Canada","2016A000011124","Deaths","Persons","249","units","0","v391084","1.2","323105","","","","0"
"2022/2023","Canada","2016A000011124","Deaths","Persons","249","units","0","v391084","1.2","337708","","","","0"
"2023/2024","Canada","2016A000011124","Deaths","Persons","249","units","0","v391084","1.2","344593","","","","0"
"1971/1972","Canada","2016A000011124","Immigrants","Persons","249","units","0","v391099","1.3","117036","","","","0"
"1972/1973","Canada","2016A000011124","Immigrants","Persons","249","units","0","v391099","1.3","138526","","","","0"
"1973/1974","Canada","2016A000011124","Immigrants","Persons","249","units","0","v391099","1.3","217456","","","","0"
"1974/1975","Canada","2016A000011124","Immigrants","Persons","249","units","0","v391099","1.3","209283","","","","0"
"1975/1976","Canada","2016A000011124","Immigrants","Persons","249","units","0","v391099","1.3","170028","","","","0"
"1976/1977","Canada","2016A000011124","Immigrants","Persons","249","units","0","v391099","1.3","130931","","","","0"
"1977/1978","Canada","2016A000011124","Immigrants","Persons","249","units","0","v391099","1.3","100967","","","","0"
"1978/1979","Canada","2016A000011124","Immigrants","Persons","249","units","0","v391099","1.3","84518","","","","0"
"1979/1980","Canada","2016A000011124","Immigrants","Persons","249","units","0","v391099","1.3","143825","","","","0"
"1980/1981","Canada","2016A000011124","Immigrants","Persons","249","units","0","v391099","1.3","127238","","","","0"
"1981/1982","Canada","2016A000011124","Immigrants","Persons","249","units","0","v391099","1.3","135339","","","","0"
"1982/1983","Canada","2016A000011124","Immigrants","Persons","249","units","0","v391099","1.3","101404","","","","0"
"1983/1984","Canada","2016A000011124","Immigrants","Persons","249","units","0","v391099","1.3","88592","","","","0"
"1984/1985","Canada","2016A000011124","Immigrants","Persons","249","units","0","v391099","1.3","83925","","","","0"
"1985/1986","Canada","2016A000011124","Immigrants","Persons","249","units","0","v391099","1.3","88657","","","","0"
"1986/1987","Canada","2016A000011124","Immigrants","Persons","249","units","0","v391099","1.3","130880","","","","0"
"1987/1988","Canada","2016A000011124","Immigrants","Persons","249","units","0","v391099","1.3","152211","","","","0"
"1988/1989","Canada","2016A000011124","Immigrants","Persons","249","units","0","v391099","1.3","177632","","","","0"
"1989/1990","Canada","2016A000011124","Immigrants","Persons","249","units","0","v391099","1.3","203357","","","","0"
"1990/1991","Canada","2016A000011124","Immigrants","Persons","249","units","0","v391099","1.3","221382","","","","0"
"1991/1992","Canada","2016A000011124","Immigrants","Persons","249","units","0","v391099","1.3","244281","","","","0"
"1992/1993","Canada","2016A000011124","Immigrants","Persons","249","units","0","v391099","1.3","266890","","","","0"
"1993/1994","Canada","2016A000011124","Immigrants","Persons","249","units","0","v391099","1.3","235360","","","","0"
"1994/1995","Canada","2016A000011124","Immigrants","Persons","249","units","0","v391099","1.3","220738","","","","0"
"1995/1996","Canada","2016A000011124","Immigrants","Persons","249","units","0","v391099","1.3","217478","","","","0"
"1996/1997","Canada","2016A000011124","Immigrants","Persons","249","units","0","v391099","1.3","224857","","","","0"
"1997/1998","Canada","2016A000011124","Immigrants","Persons","249","units","0","v391099","1.3","194459","","","","0"
"1998/1999","Canada","2016A000011124","Immigrants","Persons","249","units","0","v391099","1.3","173194","","","","0"
"1999/2000","Canada","2016A000011124","Immigrants","Persons","249","units","0","v391099","1.3","205710","","","","0"
"2000/2001","Canada","2016A000011124","Immigrants","Persons","249","units","0","v391099","1.3","252527","","","","0"
"2001/2002","Canada","2016A000011124","Immigrants","Persons","249","units","0","v391099","1.3","256405","","","","0"
"2002/2003","Canada","2016A000011124","Immigrants","Persons","249","units","0","v391099","1.3","199170","","","","0"
"2003/2004","Canada","2016A000011124","Immigrants","Persons","249","units","0","v391099","1.3","239101","","","","0"
"2004/2005","Canada","2016A000011124","Immigrants","Persons","249","units","0","v391099","1.3","244599","","","","0"
"2005/2006","Canada","2016A000011124","Immigrants","Persons","249","units","0","v391099","1.3","254381","","","","0"
"2006/2007","Canada","2016A000011124","Immigrants","Persons","249","units","0","v391099","1.3","238127","","","","0"
"2007/2008","Canada","2016A000011124","Immigrants","Persons","249","units","0","v391099","1.3","249632","","","","0"
"2008/2009","Canada","2016A000011124","Immigrants","Persons","249","units","0","v391099","1.3","245313","","","","0"
"2009/2010","Canada","2016A000011124","Immigrants","Persons","249","units","0","v391099","1.3","270635","","","","0"
"2010/2011","Canada","2016A000011124","Immigrants","Persons","249","units","0","v391099","1.3","259143","","","","0"
"2011/2012","Canada","2016A000011124","Immigrants","Persons","249","units","0","v391099","1.3","260043","","","","0"
"2012/2013","Canada","2016A000011124","Immigrants","Persons","249","units","0","v391099","1.3","263115","","","","0"
"2013/2014","Canada","2016A000011124","Immigrants","Persons","249","units","0","v391099","1.3","267936","","","","0"
"2014/2015","Canada","2016A000011124","Immigrants","Persons","249","units","0","v391099","1.3","240775","","","","0"
"2015/2016","Canada","2016A000011124","Immigrants","Persons","249","units","0","v391099","1.3","323188","","","","0"
"2016/2017","Canada","2016A000011124","Immigrants","Persons","249","units","0","v391099","1.3","272694","","","","0"
"2017/2018","Canada","2016A000011124","Immigrants","Persons","249","units","0","v391099","1.3","303369","","","","0"
"2018/2019","Canada","2016A000011124","Immigrants","Persons","249","units","0","v391099","1.3","313603","","","","0"
"2019/2020","Canada","2016A000011124","Immigrants","Persons","249","units","0","v391099","1.3","284153","","","","0"
"2020/2021","Canada","2016A000011124","Immigrants","Persons","249","units","0","v391099","1.3","226314","","","","0"
"2021/2022","Canada","2016A000011124","Immigrants","Persons","249","units","0","v391099","1.3","493236","","","","0"
"2022/2023","Canada","2016A000011124","Immigrants","Persons","249","units","0","v391099","1.3","468913","","","","0"
"2023/2024","Canada","2016A000011124","Immigrants","Persons","249","units","0","v391099","1.3","464265","","","","0"
"1971/1972","Canada","2016A000011124","Net emigration","Persons","249","units","0","v1566834743","1.13","26577","","","","0"
"1972/1973","Canada","2016A000011124","Net emigration","Persons","249","units","0","v1566834743","1.13","27733","","","","0"
"1973/1974","Canada","2016A000011124","Net emigration","Persons","249","units","0","v1566834743","1.13","46754","","","","0"
"1974/1975","Canada","2016A000011124","Net emigration","Persons","249","units","0","v1566834743","1.13","40502","","","","0"
"1975/1976","Canada","2016A000011124","Net emigration","Persons","249","units","0","v1566834743","1.13","30315","","","","0"
"1976/1977","Canada","2016A000011124","Net emigration","Persons","249","units","0","v1566834743","1.13","25057","","","","0"
"1977/1978","Canada","2016A000011124","Net emigration","Persons","249","units","0","v1566834743","1.13","31437","","","","0"
"1978/1979","Canada","2016A000011124","Net emigration","Persons","249","units","0","v1566834743","1.13","30857","","","","0"
"1979/1980","Canada","2016A000011124","Net emigration","Persons","249","units","0","v1566834743","1.13","20521","","","","0"
"1980/1981","Canada","2016A000011124","Net emigration","Persons","249","units","0","v1566834743","1.13","17819","","","","0"
"1981/1982","Canada","2016A000011124","Net emigration","Persons","249","units","0","v1566834743","1.13","29110","","","","0"
"1982/1983","Canada","2016A000011124","Net emigration","Persons","249","units","0","v1566834743","1.13","31121","","","","0"
"1983/1984","Canada","2016A000011124","Net emigration","Persons","249","units","0","v1566834743","1.13","31750","","","","0"
"1984/1985","Canada","2016A000011124","Net emigration","Persons","249","units","0","v1566834743","1.13","28134","","","","0"
"1985/1986","Canada","2016A000011124","Net emigration","Persons","249","units","0","v1566834743","1.13","24794","","","","0"
"1986/1987","Canada","2016A000011124","Net emigration","Persons","249","units","0","v1566834743","1.13","31006","","","","0"
"1987/1988","Canada","2016A000011124","Net emigration","Persons","249","units","0","v1566834743","1.13","26685","","","","0"
"1988/1989","Canada","2016A000011124","Net emigration","Persons","249","units","0","v1566834743","1.13","26308","","","","0"
"1989/1990","Canada","2016A000011124","Net emigration","Persons","249","units","0","v1566834743","1.13","25834","","","","0"
"1990/1991","Canada","2016A000011124","Net emigration","Persons","249","units","0","v1566834743","1.13","28484","","","","0"
"1991/1992","Canada","2016A000011124","Net emigration","Persons","249","units","0","v1566834743","1.13","49475","","","","0"
"1992/1993","Canada","2016A000011124","Net emigration","Persons","249","units","0","v1566834743","1.13","48458","","","","0"
"1993/1994","Canada","2016A000011124","Net emigration","Persons","249","units","0","v1566834743","1.13","52844","","","","0"
"1994/1995","Canada","2016A000011124","Net emigration","Persons","249","units","0","v1566834743","1.13","53426","","","","0"
"1995/1996","Canada","2016A000011124","Net emigration","Persons","249","units","0","v1566834743","1.13","49106","","","","0"
"1996/1997","Canada","2016A000011124","Net emigration","Persons","249","units","0","v1566834743","1.13","59423","","","","0"
"1997/1998","Canada","2016A000011124","Net emigration","Persons","249","units","0","v1566834743","1.13","58708","","","","0"
"1998/1999","Canada","2016A000011124","Net emigration","Persons","249","units","0","v1566834743","1.13","56084","","","","0"
"1999/2000","Canada","2016A000011124","Net emigration","Persons","249","units","0","v1566834743","1.13","55973","","","","0"
"2000/2001","Canada","2016A000011124","Net emigration","Persons","249","units","0","v1566834743","1.13","55419","","","","0"
"2001/2002","Canada","2016A000011124","Net emigration","Persons","249","units","0","v1566834743","1.13","51980","","","","0"
"2002/2003","Canada","2016A000011124","Net emigration","Persons","249","units","0","v1566834743","1.13","52192","","","","0"
"2003/2004","Canada","2016A000011124","Net emigration","Persons","249","units","0","v1566834743","1.13","55303","","","","0"
"2004/2005","Canada","2016A000011124","Net emigration","Persons","249","units","0","v1566834743","1.13","53572","","","","0"
"2005/2006","Canada","2016A000011124","Net emigration","Persons","249","units","0","v1566834743","1.13","54259","","","","0"
"2006/2007","Canada","2016A000011124","Net emigration","Persons","249","units","0","v1566834743","1.13","45800","","","","0"
"2007/2008","Canada","2016A000011124","Net emigration","Persons","249","units","0","v1566834743","1.13","51107","","","","0"
"2008/2009","Canada","2016A000011124","Net emigration","Persons","249","units","0","v1566834743","1.13","47991","","","","0"
"2009/2010","Canada","2016A000011124","Net emigration","Persons","249","units","0","v1566834743","1.13","42074","","","","0"
"2010/2011","Canada","2016A000011124","Net emigration","Persons","249","units","0","v1566834743","1.13","42862","","","","0"
"2011/2012","Canada","2016A000011124","Net emigration","Persons","249","units","0","v1566834743","1.13","54886","","","","0"
"2012/2013","Canada","2016A000011124","Net emigration","Persons","249","units","0","v1566834743","1.13","51802","","","","0"
"2013/2014","Canada","2016A000011124","Net emigration","Persons","249","units","0","v1566834743","1.13","53501","","","","0"
"2014/2015","Canada","2016A000011124","Net emigration","Persons","249","units","0","v1566834743","1.13","54044","","","","0"
"2015/2016","Canada","2016A000011124","Net emigration","Persons","249","units","0","v1566834743","1.13","54897","","","","0"
"2016/2017","Canada","2016A000011124","Net emigration","Persons","249","units","0","v1566834743","1.13","56480","","","","0"
"2017/2018","Canada","2016A000011124","Net emigration","Persons","249","units","0","v1566834743","1.13","39865","","","","0"
"2018/2019","Canada","2016A000011124","Net emigration","Persons","249","units","0","v1566834743","1.13","34966","","","","0"
"2019/2020","Canada","2016A000011124","Net emigration","Persons","249","units","0","v1566834743","1.13","31669","","","","0"
"2020/2021","Canada","2016A000011124","Net emigration","Persons","249","units","0","v1566834743","1.13","25726","","","","0"
"2021/2022","Canada","2016A000011124","Net emigration","Persons","249","units","0","v1566834743","1.13","47253","","","","0"
"2022/2023","Canada","2016A000011124","Net emigration","Persons","249","units","0","v1566834743","1.13","48114","","","","0"
"2023/2024","Canada","2016A000011124","Net emigration","Persons","249","units","0","v1566834743","1.13","49533","","","","0"
"1971/1972","Canada","2016A000011124","Emigrants","Persons","249","units","0","v29768526","1.9","66034","","","","0"
"1972/1973","Canada","2016A000011124","Emigrants","Persons","249","units","0","v29768526","1.9","63850","","","","0"
"1973/1974","Canada","2016A000011124","Emigrants","Persons","249","units","0","v29768526","1.9","83501","","","","0"
"1974/1975","Canada","2016A000011124","Emigrants","Persons","249","units","0","v29768526","1.9","78021","","","","0"
"1975/1976","Canada","2016A000011124","Emigrants","Persons","249","units","0","v29768526","1.9","66714","","","","0"
"1976/1977","Canada","2016A000011124","Emigrants","Persons","249","units","0","v29768526","1.9","57807","","","","0"
"1977/1978","Canada","2016A000011124","Emigrants","Persons","249","units","0","v29768526","1.9","63321","","","","0"
"1978/1979","Canada","2016A000011124","Emigrants","Persons","249","units","0","v29768526","1.9","62358","","","","0"
"1979/1980","Canada","2016A000011124","Emigrants","Persons","249","units","0","v29768526","1.9","49879","","","","0"
"1980/1981","Canada","2016A000011124","Emigrants","Persons","249","units","0","v29768526","1.9","44863","","","","0"
"1981/1982","Canada","2016A000011124","Emigrants","Persons","249","units","0","v29768526","1.9","54786","","","","0"
"1982/1983","Canada","2016A000011124","Emigrants","Persons","249","units","0","v29768526","1.9","59226","","","","0"
"1983/1984","Canada","2016A000011124","Emigrants","Persons","249","units","0","v29768526","1.9","57770","","","","0"
"1984/1985","Canada","2016A000011124","Emigrants","Persons","249","units","0","v29768526","1.9","55202","","","","0"
"1985/1986","Canada","2016A000011124","Emigrants","Persons","249","units","0","v29768526","1.9","50595","","","","0"
"1986/1987","Canada","2016A000011124","Emigrants","Persons","249","units","0","v29768526","1.9","47707","","","","0"
"1987/1988","Canada","2016A000011124","Emigrants","Persons","249","units","0","v29768526","1.9","40978","","","","0"
"1988/1989","Canada","2016A000011124","Emigrants","Persons","249","units","0","v29768526","1.9","40395","","","","0"
"1989/1990","Canada","2016A000011124","Emigrants","Persons","249","units","0","v29768526","1.9","39760","","","","0"
"1990/1991","Canada","2016A000011124","Emigrants","Persons","249","units","0","v29768526","1.9","43692","","","","0"
"1991/1992","Canada","2016A000011124","Emigrants","Persons","249","units","0","v29768526","1.9","45633","","","","0"
"1992/1993","Canada","2016A000011124","Emigrants","Persons","249","units","0","v29768526","1.9","43993","","","","0"
"1993/1994","Canada","2016A000011124","Emigrants","Persons","249","units","0","v29768526","1.9","49456","","","","0"
"1994/1995","Canada","2016A000011124","Emigrants","Persons","249","units","0","v29768526","1.9","52069","","","","0"
"1995/1996","Canada","2016A000011124","Emigrants","Persons","249","units","0","v29768526","1.9","48396","","","","0"
"1996/1997","Canada","2016A000011124","Emigrants","Persons","249","units","0","v29768526","1.9","52815","","","","0"
"1997/1998","Canada","2016A000011124","Emigrants","Persons","249","units","0","v29768526","1.9","51816","","","","0"
"1998/1999","Canada","2016A000011124","Emigrants","Persons","249","units","0","v29768526","1.9","48008","","","","0"
"1999/2000","Canada","2016A000011124","Emigrants","Persons","249","units","0","v29768526","1.9","48089","","","","0"
"2000/2001","Canada","2016A000011124","Emigrants","Persons","249","units","0","v29768526","1.9","47766","","","","0"
"2001/2002","Canada","2016A000011124","Emigrants","Persons","249","units","0","v29768526","1.9","50149","","","","0"
"2002/2003","Canada","2016A000011124","Emigrants","Persons","249","units","0","v29768526","1.9","53890","","","","0"
"2003/2004","Canada","2016A000011124","Emigrants","Persons","249","units","0","v29768526","1.9","58184","","","","0"
"2004/2005","Canada","2016A000011124","Emigrants","Persons","249","units","0","v29768526","1.9","57633","","","","0"
"2005/2006","Canada","2016A000011124","Emigrants","Persons","249","units","0","v29768526","1.9","61412","","","","0"
"2006/2007","Canada","2016A000011124","Emigrants","Persons","249","units","0","v29768526","1.9","66512","","","","0"
"2007/2008","Canada","2016A000011124","Emigrants","Persons","249","units","0","v29768526","1.9","66158","","","","0"
"2008/2009","Canada","2016A000011124","Emigrants","Persons","249","units","0","v29768526","1.9","61531","","","","0"
"2009/2010","Canada","2016A000011124","Emigrants","Persons","249","units","0","v29768526","1.9","58046","","","","0"
"2010/2011","Canada","2016A000011124","Emigrants","Persons","249","units","0","v29768526","1.9","61466","","","","0"
"2011/2012","Canada","2016A000011124","Emigrants","Persons","249","units","0","v29768526","1.9","65393","","","","0"
"2012/2013","Canada","2016A000011124","Emigrants","Persons","249","units","0","v29768526","1.9","62129","","","","0"
"2013/2014","Canada","2016A000011124","Emigrants","Persons","249","units","0","v29768526","1.9","63722","","","","0"
"2014/2015","Canada","2016A000011124","Emigrants","Persons","249","units","0","v29768526","1.9","65837","","","","0"
"2015/2016","Canada","2016A000011124","Emigrants","Persons","249","units","0","v29768526","1.9","67893","","","","0"
"2016/2017","Canada","2016A000011124","Emigrants","Persons","249","units","0","v29768526","1.9","119964","","","","0"
"2017/2018","Canada","2016A000011124","Emigrants","Persons","249","units","0","v29768526","1.9","98271","","","","0"
"2018/2019","Canada","2016A000011124","Emigrants","Persons","249","units","0","v29768526","1.9","92204","","","","0"
"2019/2020","Canada","2016A000011124","Emigrants","Persons","249","units","0","v29768526","1.9","77591","","","","0"
"2020/2021","Canada","2016A000011124","Emigrants","Persons","249","units","0","v29768526","1.9","66627","","","","0"
"2021/2022","Canada","2016A000011124","Emigrants","Persons","249","units","0","v29768526","1.9","99756","","","","0"
"2022/2023","Canada","2016A000011124","Emigrants","Persons","249","units","0","v29768526","1.9","101570","","","","0"
"2023/2024","Canada","2016A000011124","Emigrants","Persons","249","units","0","v29768526","1.9","104565","","","","0"
"1971/1972","Canada","2016A000011124","Returning emigrants","Persons","249","units","0","v29768527","1.10","39457","","","","0"
"1972/1973","Canada","2016A000011124","Returning emigrants","Persons","249","units","0","v29768527","1.10","36117","","","","0"
"1973/1974","Canada","2016A000011124","Returning emigrants","Persons","249","units","0","v29768527","1.10","36747","","","","0"
"1974/1975","Canada","2016A000011124","Returning emigrants","Persons","249","units","0","v29768527","1.10","37519","","","","0"
"1975/1976","Canada","2016A000011124","Returning emigrants","Persons","249","units","0","v29768527","1.10","36399","","","","0"
"1976/1977","Canada","2016A000011124","Returning emigrants","Persons","249","units","0","v29768527","1.10","32750","","","","0"
"1977/1978","Canada","2016A000011124","Returning emigrants","Persons","249","units","0","v29768527","1.10","31884","","","","0"
"1978/1979","Canada","2016A000011124","Returning emigrants","Persons","249","units","0","v29768527","1.10","31501","","","","0"
"1979/1980","Canada","2016A000011124","Returning emigrants","Persons","249","units","0","v29768527","1.10","29358","","","","0"
"1980/1981","Canada","2016A000011124","Returning emigrants","Persons","249","units","0","v29768527","1.10","27044","","","","0"
"1981/1982","Canada","2016A000011124","Returning emigrants","Persons","249","units","0","v29768527","1.10","25676","","","","0"
"1982/1983","Canada","2016A000011124","Returning emigrants","Persons","249","units","0","v29768527","1.10","28105","","","","0"
"1983/1984","Canada","2016A000011124","Returning emigrants","Persons","249","units","0","v29768527","1.10","26020","","","","0"
"1984/1985","Canada","2016A000011124","Returning emigrants","Persons","249","units","0","v29768527","1.10","27068","","","","0"
"1985/1986","Canada","2016A000011124","Returning emigrants","Persons","249","units","0","v29768527","1.10","25801","","","","0"
"1986/1987","Canada","2016A000011124","Returning emigrants","Persons","249","units","0","v29768527","1.10","16701","","","","0"
"1987/1988","Canada","2016A000011124","Returning emigrants","Persons","249","units","0","v29768527","1.10","14293","","","","0"
"1988/1989","Canada","2016A000011124","Returning emigrants","Persons","249","units","0","v29768527","1.10","14087","","","","0"
"1989/1990","Canada","2016A000011124","Returning emigrants","Persons","249","units","0","v29768527","1.10","13926","","","","0"
"1990/1991","Canada","2016A000011124","Returning emigrants","Persons","249","units","0","v29768527","1.10","15208","","","","0"
"1991/1992","Canada","2016A000011124","Returning emigrants","Persons","249","units","0","v29768527","1.10","15899","","","","0"
"1992/1993","Canada","2016A000011124","Returning emigrants","Persons","249","units","0","v29768527","1.10","15279","","","","0"
"1993/1994","Canada","2016A000011124","Returning emigrants","Persons","249","units","0","v29768527","1.10","16358","","","","0"
"1994/1995","Canada","2016A000011124","Returning emigrants","Persons","249","units","0","v29768527","1.10","18388","","","","0"
"1995/1996","Canada","2016A000011124","Returning emigrants","Persons","249","units","0","v29768527","1.10","19035","","","","0"
"1996/1997","Canada","2016A000011124","Returning emigrants","Persons","249","units","0","v29768527","1.10","18956","","","","0"
"1997/1998","Canada","2016A000011124","Returning emigrants","Persons","249","units","0","v29768527","1.10","18671","","","","0"
"1998/1999","Canada","2016A000011124","Returning emigrants","Persons","249","units","0","v29768527","1.10","17491","","","","0"
"1999/2000","Canada","2016A000011124","Returning emigrants","Persons","249","units","0","v29768527","1.10","17680","","","","0"
"2000/2001","Canada","2016A000011124","Returning emigrants","Persons","249","units","0","v29768527","1.10","17910","","","","0"
"2001/2002","Canada","2016A000011124","Returning emigrants","Persons","249","units","0","v29768527","1.10","25727","","","","0"
"2002/2003","Canada","2016A000011124","Returning emigrants","Persons","249","units","0","v29768527","1.10","29257","","","","0"
"2003/2004","Canada","2016A000011124","Returning emigrants","Persons","249","units","0","v29768527","1.10","30441","","","","0"
"2004/2005","Canada","2016A000011124","Returning emigrants","Persons","249","units","0","v29768527","1.10","31620","","","","0"
"2005/2006","Canada","2016A000011124","Returning emigrants","Persons","249","units","0","v29768527","1.10","34711","","","","0"
"2006/2007","Canada","2016A000011124","Returning emigrants","Persons","249","units","0","v29768527","1.10","39235","","","","0"
"2007/2008","Canada","2016A000011124","Returning emigrants","Persons","249","units","0","v29768527","1.10","33576","","","","0"
"2008/2009","Canada","2016A000011124","Returning emigrants","Persons","249","units","0","v29768527","1.10","32069","","","","0"
"2009/2010","Canada","2016A000011124","Returning emigrants","Persons","249","units","0","v29768527","1.10","34496","","","","0"
"2010/2011","Canada","2016A000011124","Returning emigrants","Persons","249","units","0","v29768527","1.10","37126","","","","0"
"2011/2012","Canada","2016A000011124","Returning emigrants","Persons","249","units","0","v29768527","1.10","37170","","","","0"
"2012/2013","Canada","2016A000011124","Returning emigrants","Persons","249","units","0","v29768527","1.10","36994","","","","0"
"2013/2014","Canada","2016A000011124","Returning emigrants","Persons","249","units","0","v29768527","1.10","36889","","","","0"
"2014/2015","Canada","2016A000011124","Returning emigrants","Persons","249","units","0","v29768527","1.10","38458","","","","0"
"2015/2016","Canada","2016A000011124","Returning emigrants","Persons","249","units","0","v29768527","1.10","39660","","","","0"
"2016/2017","Canada","2016A000011124","Returning emigrants","Persons","249","units","0","v29768527","1.10","63484","","","","0"
"2017/2018","Canada","2016A000011124","Returning emigrants","Persons","249","units","0","v29768527","1.10","58406","","","","0"
"2018/2019","Canada","2016A000011124","Returning emigrants","Persons","249","units","0","v29768527","1.10","57238","","","","0"
"2019/2020","Canada","2016A000011124","Returning emigrants","Persons","249","units","0","v29768527","1.10","45922","","","","0"
"2020/2021","Canada","2016A000011124","Returning emigrants","Persons","249","units","0","v29768527","1.10","40901","","","","0"
"2021/2022","Canada","2016A000011124","Returning emigrants","Persons","249","units","0","v29768527","1.10","52503","","","","0"
"2022/2023","Canada","2016A000011124","Returning emigrants","Persons","249","units","0","v29768527","1.10","53456","","","","0"
"2023/2024","Canada","2016A000011124","Returning emigrants","Persons","249","units","0","v29768527","1.10","55032","","","","0"
"1991/1992","Canada","2016A000011124","Net temporary emigration","Persons","249","units","0","v29768528","1.11","19741","","","","0"
"1992/1993","Canada","2016A000011124","Net temporary emigration","Persons","249","units","0","v29768528","1.11","19744","","","","0"
"1993/1994","Canada","2016A000011124","Net temporary emigration","Persons","249","units","0","v29768528","1.11","19746","","","","0"
"1994/1995","Canada","2016A000011124","Net temporary emigration","Persons","249","units","0","v29768528","1.11","19745","","","","0"
"1995/1996","Canada","2016A000011124","Net temporary emigration","Persons","249","units","0","v29768528","1.11","19745","","","","0"
"1996/1997","Canada","2016A000011124","Net temporary emigration","Persons","249","units","0","v29768528","1.11","25564","","","","0"
"1997/1998","Canada","2016A000011124","Net temporary emigration","Persons","249","units","0","v29768528","1.11","25563","","","","0"
"1998/1999","Canada","2016A000011124","Net temporary emigration","Persons","249","units","0","v29768528","1.11","25567","","","","0"
"1999/2000","Canada","2016A000011124","Net temporary emigration","Persons","249","units","0","v29768528","1.11","25564","","","","0"
"2000/2001","Canada","2016A000011124","Net temporary emigration","Persons","249","units","0","v29768528","1.11","25563","","","","0"
"2001/2002","Canada","2016A000011124","Net temporary emigration","Persons","249","units","0","v29768528","1.11","27558","","","","0"
"2002/2003","Canada","2016A000011124","Net temporary emigration","Persons","249","units","0","v29768528","1.11","27559","","","","0"
"2003/2004","Canada","2016A000011124","Net temporary emigration","Persons","249","units","0","v29768528","1.11","27560","","","","0"
"2004/2005","Canada","2016A000011124","Net temporary emigration","Persons","249","units","0","v29768528","1.11","27559","","","","0"
"2005/2006","Canada","2016A000011124","Net temporary emigration","Persons","249","units","0","v29768528","1.11","27558","","","","0"
"2006/2007","Canada","2016A000011124","Net temporary emigration","Persons","249","units","0","v29768528","1.11","18523","","","","0"
"2007/2008","Canada","2016A000011124","Net temporary emigration","Persons","249","units","0","v29768528","1.11","18525","","","","0"
"2008/2009","Canada","2016A000011124","Net temporary emigration","Persons","249","units","0","v29768528","1.11","18529","","","","0"
"2009/2010","Canada","2016A000011124","Net temporary emigration","Persons","249","units","0","v29768528","1.11","18524","","","","0"
"2010/2011","Canada","2016A000011124","Net temporary emigration","Persons","249","units","0","v29768528","1.11","18522","","","","0"
"2011/2012","Canada","2016A000011124","Net temporary emigration","Persons","249","units","0","v29768528","1.11","26663","","","","0"
"2012/2013","Canada","2016A000011124","Net temporary emigration","Persons","249","units","0","v29768528","1.11","26667","","","","0"
"2013/2014","Canada","2016A000011124","Net temporary emigration","Persons","249","units","0","v29768528","1.11","26668","","","","0"
"2014/2015","Canada","2016A000011124","Net temporary emigration","Persons","249","units","0","v29768528","1.11","26665","","","","0"
"2015/2016","Canada","2016A000011124","Net temporary emigration","Persons","249","units","0","v29768528","1.11","26664","","","","0"
"2016/2017","Canada","2016A000011124","Net temporary emigration","Persons","249","units","0","v29768528","1.11","","..","","","0"
"2017/2018","Canada","2016A000011124","Net temporary emigration","Persons","249","units","0","v29768528","1.11","","..","","","0"
"2018/2019","Canada","2016A000011124","Net temporary emigration","Persons","249","units","0","v29768528","1.11","","..","","","0"
"2019/2020","Canada","2016A000011124","Net temporary emigration","Persons","249","units","0","v29768528","1.11","","..","","","0"
"2020/2021","Canada","2016A000011124","Net temporary emigration","Persons","249","units","0","v29768528","1.11","","..","","","0"
"2021/2022","Canada","2016A000011124","Net temporary emigration","Persons","249","units","0","v29768528","1.11","","..","","","0"
"1971/1972","Canada","2016A000011124","Net non-permanent residents","Persons","249","units","0","v29768529","1.12","2997","","","","0"
"1972/1973","Canada","2016A000011124","Net non-permanent residents","Persons","249","units","0","v29768529","1.12","7994","","","","0"
"1973/1974","Canada","2016A000011124","Net non-permanent residents","Persons","249","units","0","v29768529","1.12","-2001","","","","0"
"1974/1975","Canada","2016A000011124","Net non-permanent residents","Persons","249","units","0","v29768529","1.12","7989","","","","0"
"1975/1976","Canada","2016A000011124","Net non-permanent residents","Persons","249","units","0","v29768529","1.12","-2998","","","","0"
"1976/1977","Canada","2016A000011124","Net non-permanent residents","Persons","249","units","0","v29768529","1.12","-2002","","","","0"
"1977/1978","Canada","2016A000011124","Net non-permanent residents","Persons","249","units","0","v29768529","1.12","-2997","","","","0"
"1978/1979","Canada","2016A000011124","Net non-permanent residents","Persons","249","units","0","v29768529","1.12","7990","","","","0"
"1979/1980","Canada","2016A000011124","Net non-permanent residents","Persons","249","units","0","v29768529","1.12","14986","","","","0"
"1980/1981","Canada","2016A000011124","Net non-permanent residents","Persons","249","units","0","v29768529","1.12","13293","","","","0"
"1981/1982","Canada","2016A000011124","Net non-permanent residents","Persons","249","units","0","v29768529","1.12","12297","","","","0"
"1982/1983","Canada","2016A000011124","Net non-permanent residents","Persons","249","units","0","v29768529","1.12","3770","","","","0"
"1983/1984","Canada","2016A000011124","Net non-permanent residents","Persons","249","units","0","v29768529","1.12","5065","","","","0"
"1984/1985","Canada","2016A000011124","Net non-permanent residents","Persons","249","units","0","v29768529","1.12","3711","","","","0"
"1985/1986","Canada","2016A000011124","Net non-permanent residents","Persons","249","units","0","v29768529","1.12","22436","","","","0"
"1986/1987","Canada","2016A000011124","Net non-permanent residents","Persons","249","units","0","v29768529","1.12","58691","","","","0"
"1987/1988","Canada","2016A000011124","Net non-permanent residents","Persons","249","units","0","v29768529","1.12","42177","","","","0"
"1988/1989","Canada","2016A000011124","Net non-permanent residents","Persons","249","units","0","v29768529","1.12","140748","","","","0"
"1989/1990","Canada","2016A000011124","Net non-permanent residents","Persons","249","units","0","v29768529","1.12","28829","","","","0"
"1990/1991","Canada","2016A000011124","Net non-permanent residents","Persons","249","units","0","v29768529","1.12","-52853","","","","0"
"1991/1992","Canada","2016A000011124","Net non-permanent residents","Persons","249","units","0","v29768529","1.12","-42919","","","","0"
"1992/1993","Canada","2016A000011124","Net non-permanent residents","Persons","249","units","0","v29768529","1.12","-71185","","","","0"
"1993/1994","Canada","2016A000011124","Net non-permanent residents","Persons","249","units","0","v29768529","1.12","-22196","","","","0"
"1994/1995","Canada","2016A000011124","Net non-permanent residents","Persons","249","units","0","v29768529","1.12","-14152","","","","0"
"1995/1996","Canada","2016A000011124","Net non-permanent residents","Persons","249","units","0","v29768529","1.12","-826","","","","0"
"1996/1997","Canada","2016A000011124","Net non-permanent residents","Persons","249","units","0","v29768529","1.12","182","","","","0"
"1997/1998","Canada","2016A000011124","Net non-permanent residents","Persons","249","units","0","v29768529","1.12","-3983","","","","0"
"1998/1999","Canada","2016A000011124","Net non-permanent residents","Persons","249","units","0","v29768529","1.12","18317","","","","0"
"1999/2000","Canada","2016A000011124","Net non-permanent residents","Persons","249","units","0","v29768529","1.12","25032","","","","0"
"2000/2001","Canada","2016A000011124","Net non-permanent residents","Persons","249","units","0","v29768529","1.12","39652","","","","0"
"2001/2002","Canada","2016A000011124","Net non-permanent residents","Persons","249","units","0","v29768529","1.12","33510","","","","0"
"2002/2003","Canada","2016A000011124","Net non-permanent residents","Persons","249","units","0","v29768529","1.12","36771","","","","0"
"2003/2004","Canada","2016A000011124","Net non-permanent residents","Persons","249","units","0","v29768529","1.12","10348","","","","0"
"2004/2005","Canada","2016A000011124","Net non-permanent residents","Persons","249","units","0","v29768529","1.12","9148","","","","0"
"2005/2006","Canada","2016A000011124","Net non-permanent residents","Persons","249","units","0","v29768529","1.12","15978","","","","0"
"2006/2007","Canada","2016A000011124","Net non-permanent residents","Persons","249","units","0","v29768529","1.12","27424","","","","0"
"2007/2008","Canada","2016A000011124","Net non-permanent residents","Persons","249","units","0","v29768529","1.12","51478","","","","0"
"2008/2009","Canada","2016A000011124","Net non-permanent residents","Persons","249","units","0","v29768529","1.12","71886","","","","0"
"2009/2010","Canada","2016A000011124","Net non-permanent residents","Persons","249","units","0","v29768529","1.12","34243","","","","0"
"2010/2011","Canada","2016A000011124","Net non-permanent residents","Persons","249","units","0","v29768529","1.12","14724","","","","0"
"2011/2012","Canada","2016A000011124","Net non-permanent residents","Persons","249","units","0","v29768529","1.12","55400","","","","0"
"2012/2013","Canada","2016A000011124","Net non-permanent residents","Persons","249","units","0","v29768529","1.12","49521","","","","0"
"2013/2014","Canada","2016A000011124","Net non-permanent residents","Persons","249","units","0","v29768529","1.12","32867","","","","0"
"2014/2015","Canada","2016A000011124","Net non-permanent residents","Persons","249","units","0","v29768529","1.12","-9841","","","","0"
"2015/2016","Canada","2016A000011124","Net non-permanent residents","Persons","249","units","0","v29768529","1.12","35448","","","","0"
"2016/2017","Canada","2016A000011124","Net non-permanent residents","Persons","249","units","0","v29768529","1.12","103776","","","","0"
"2017/2018","Canada","2016A000011124","Net non-permanent residents","Persons","249","units","0","v29768529","1.12","162573","","","","0"
"2018/2019","Canada","2016A000011124","Net non-permanent residents","Persons","249","units","0","v29768529","1.12","168833","","","","0"
"2019/2020","Canada","2016A000011124","Net non-permanent residents","Persons","249","units","0","v29768529","1.12","75265","","","","0"
"2020/2021","Canada","2016A000011124","Net non-permanent residents","Persons","249","units","0","v29768529","1.12","-51719","","","","0"
"2021/2022","Canada","2016A000011124","Net non-permanent residents","Persons","249","units","0","v29768529","1.12","208689","","","","0"
"2022/2023","Canada","2016A000011124","Net non-permanent residents","Persons","249","units","0","v29768529","1.12","712751","","","","0"
"2023/2024","Canada","2016A000011124","Net non-permanent residents","Persons","249","units","0","v29768529","1.12","775091","","","","0"
"2000/2001","Canada","2016A000011124","Non-permanent residents, inflows","Persons","249","units","0","v1566834713","1.14","","..","","","0"
"2001/2002","Canada","2016A000011124","Non-permanent residents, inflows","Persons","249","units","0","v1566834713","1.14","","..","","","0"
"2002/2003","Canada","2016A000011124","Non-permanent residents, inflows","Persons","249","units","0","v1566834713","1.14","","..","","","0"
"2003/2004","Canada","2016A000011124","Non-permanent residents, inflows","Persons","249","units","0","v1566834713","1.14","","..","","","0"
"2004/2005","Canada","2016A000011124","Non-permanent residents, inflows","Persons","249","units","0","v1566834713","1.14","","..","","","0"
"2005/2006","Canada","2016A000011124","Non-permanent residents, inflows","Persons","249","units","0","v1566834713","1.14","","..","","","0"
"2006/2007","Canada","2016A000011124","Non-permanent residents, inflows","Persons","249","units","0","v1566834713","1.14","","..","","","0"
"2007/2008","Canada","2016A000011124","Non-permanent residents, inflows","Persons","249","units","0","v1566834713","1.14","","..","","","0"
"2008/2009","Canada","2016A000011124","Non-permanent residents, inflows","Persons","249","units","0","v1566834713","1.14","","..","","","0"
"2009/2010","Canada","2016A000011124","Non-permanent residents, inflows","Persons","249","units","0","v1566834713","1.14","","..","","","0"
"2010/2011","Canada","2016A000011124","Non-permanent residents, inflows","Persons","249","units","0","v1566834713","1.14","","..","","","0"
"2011/2012","Canada","2016A000011124","Non-permanent residents, inflows","Persons","249","units","0","v1566834713","1.14","","..","","","0"
"2012/2013","Canada","2016A000011124","Non-permanent residents, inflows","Persons","249","units","0","v1566834713","1.14","","..","","","0"
"2013/2014","Canada","2016A000011124","Non-permanent residents, inflows","Persons","249","units","0","v1566834713","1.14","","..","","","0"
"2014/2015","Canada","2016A000011124","Non-permanent residents, inflows","Persons","249","units","0","v1566834713","1.14","","..","","","0"
"2015/2016","Canada","2016A000011124","Non-permanent residents, inflows","Persons","249","units","0","v1566834713","1.14","","..","","","0"
"2016/2017","Canada","2016A000011124","Non-permanent residents, inflows","Persons","249","units","0","v1566834713","1.14","","..","","","0"
"2017/2018","Canada","2016A000011124","Non-permanent residents, inflows","Persons","249","units","0","v1566834713","1.14","","..","","","0"
"2018/2019","Canada","2016A000011124","Non-permanent residents, inflows","Persons","249","units","0","v1566834713","1.14","","..","","","0"
"2019/2020","Canada","2016A000011124","Non-permanent residents, inflows","Persons","249","units","0","v1566834713","1.14","","..","","","0"
"2020/2021","Canada","2016A000011124","Non-permanent residents, inflows","Persons","249","units","0","v1566834713","1.14","","..","","","0"
"2021/2022","Canada","2016A000011124","Non-permanent residents, inflows","Persons","249","units","0","v1566834713","1.14","737355","","","","0"
"2022/2023","Canada","2016A000011124","Non-permanent residents, inflows","Persons","249","units","0","v1566834713","1.14","1131203","","","","0"
"2023/2024","Canada","2016A000011124","Non-permanent residents, inflows","Persons","249","units","0","v1566834713","1.14","1318706","","","","0"
"2000/2001","Canada","2016A000011124","Non-permanent residents, outflows","Persons","249","units","0","v1566834728","1.15","","..","","","0"
"2001/2002","Canada","2016A000011124","Non-permanent residents, outflows","Persons","249","units","0","v1566834728","1.15","","..","","","0"
"2002/2003","Canada","2016A000011124","Non-permanent residents, outflows","Persons","249","units","0","v1566834728","1.15","","..","","","0"
"2003/2004","Canada","2016A000011124","Non-permanent residents, outflows","Persons","249","units","0","v1566834728","1.15","","..","","","0"
"2004/2005","Canada","2016A000011124","Non-permanent residents, outflows","Persons","249","units","0","v1566834728","1.15","","..","","","0"
"2005/2006","Canada","2016A000011124","Non-permanent residents, outflows","Persons","249","units","0","v1566834728","1.15","","..","","","0"
"2006/2007","Canada","2016A000011124","Non-permanent residents, outflows","Persons","249","units","0","v1566834728","1.15","","..","","","0"
"2007/2008","Canada","2016A000011124","Non-permanent residents, outflows","Persons","249","units","0","v1566834728","1.15","","..","","","0"
"2008/2009","Canada","2016A000011124","Non-permanent residents, outflows","Persons","249","units","0","v1566834728","1.15","","..","","","0"
"2009/2010","Canada","2016A000011124","Non-permanent residents, outflows","Persons","249","units","0","v1566834728","1.15","","..","","","0"
"2010/2011","Canada","2016A000011124","Non-permanent residents, outflows","Persons","249","units","0","v1566834728","1.15","","..","","","0"
"2011/2012","Canada","2016A000011124","Non-permanent residents, outflows","Persons","249","units","0","v1566834728","1.15","","..","","","0"
"2012/2013","Canada","2016A000011124","Non-permanent residents, outflows","Persons","249","units","0","v1566834728","1.15","","..","","","0"
"2013/2014","Canada","2016A000011124","Non-permanent residents, outflows","Persons","249","units","0","v1566834728","1.15","","..","","","0"
"2014/2015","Canada","2016A000011124","Non-permanent residents, outflows","Persons","249","units","0","v1566834728","1.15","","..","","","0"
"2015/2016","Canada","2016A000011124","Non-permanent residents, outflows","Persons","249","units","0","v1566834728","1.15","","..","","","0"
"2016/2017","Canada","2016A000011124","Non-permanent residents, outflows","Persons","249","units","0","v1566834728","1.15","","..","","","0"
"2017/2018","Canada","2016A000011124","Non-permanent residents, outflows","Persons","249","units","0","v1566834728","1.15","","..","","","0"
"2018/2019","Canada","2016A000011124","Non-permanent residents, outflows","Persons","249","units","0","v1566834728","1.15","","..","","","0"
"2019/2020","Canada","2016A000011124","Non-permanent residents, outflows","Persons","249","units","0","v1566834728","1.15","","..","","","0"
"2020/2021","Canada","2016A000011124","Non-permanent residents, outflows","Persons","249","units","0","v1566834728","1.15","","..","","","0"
"2021/2022","Canada","2016A000011124","Non-permanent residents, outflows","Persons","249","units","0","v1566834728","1.15","528666","","","","0"
"2022/2023","Canada","2016A000011124","Non-permanent residents, outflows","Persons","249","units","0","v1566834728","1.15","418452","","","","0"
"2023/2024","Canada","2016A000011124","Non-permanent residents, outflows","Persons","249","units","0","v1566834728","1.15","543615","","","","0"
"1998/1999","Canada","2016A000011124","Net interprovincial migration","Persons","249","units","0","v52153346","1.5","0","","","","0"
"1999/2000","Canada","2016A000011124","Net interprovincial migration","Persons","249","units","0","v52153346","1.5","0","","","","0"
"2000/2001","Canada","2016A000011124","Net interprovincial migration","Persons","249","units","0","v52153346","1.5","0","","","","0"
"2001/2002","Canada","2016A000011124","Net interprovincial migration","Persons","249","units","0","v52153346","1.5","0","","","","0"
"2002/2003","Canada","2016A000011124","Net interprovincial migration","Persons","249","units","0","v52153346","1.5","0","","","","0"
"2003/2004","Canada","2016A000011124","Net interprovincial migration","Persons","249","units","0","v52153346","1.5","0","","","","0"
"2004/2005","Canada","2016A000011124","Net interprovincial migration","Persons","249","units","0","v52153346","1.5","0","","","","0"
"2005/2006","Canada","2016A000011124","Net interprovincial migration","Persons","249","units","0","v52153346","1.5","0","","","","0"
"2006/2007","Canada","2016A000011124","Net interprovincial migration","Persons","249","units","0","v52153346","1.5","0","","","","0"
"2007/2008","Canada","2016A000011124","Net interprovincial migration","Persons","249","units","0","v52153346","1.5","0","","","","0"
"2008/2009","Canada","2016A000011124","Net interprovincial migration","Persons","249","units","0","v52153346","1.5","0","","","","0"
"2009/2010","Canada","2016A000011124","Net interprovincial migration","Persons","249","units","0","v52153346","1.5","0","","","","0"
"2010/2011","Canada","2016A000011124","Net interprovincial migration","Persons","249","units","0","v52153346","1.5","0","","","","0"
"2011/2012","Canada","2016A000011124","Net interprovincial migration","Persons","249","units","0","v52153346","1.5","0","","","","0"
"2012/2013","Canada","2016A000011124","Net interprovincial migration","Persons","249","units","0","v52153346","1.5","0","","","","0"
"2013/2014","Canada","2016A000011124","Net interprovincial migration","Persons","249","units","0","v52153346","1.5","0","","","","0"
"2014/2015","Canada","2016A000011124","Net interprovincial migration","Persons","249","units","0","v52153346","1.5","0","","","","0"
"2015/2016","Canada","2016A000011124","Net interprovincial migration","Persons","249","units","0","v52153346","1.5","0","","","","0"
"2016/2017","Canada","2016A000011124","Net interprovincial migration","Persons","249","units","0","v52153346","1.5","0","","","","0"
"2017/2018","Canada","2016A000011124","Net interprovincial migration","Persons","249","units","0","v52153346","1.5","0","","","","0"
"2018/2019","Canada","2016A000011124","Net interprovincial migration","Persons","249","units","0","v52153346","1.5","0","","","","0"
"2019/2020","Canada","2016A000011124","Net interprovincial migration","Persons","249","units","0","v52153346","1.5","0","","","","0"
"2020/2021","Canada","2016A000011124","Net interprovincial migration","Persons","249","units","0","v52153346","1.5","0","","","","0"
"2021/2022","Canada","2016A000011124","Net interprovincial migration","Persons","249","units","0","v52153346","1.5","0","","","","0"
"2022/2023","Canada","2016A000011124","Net interprovincial migration","Persons","249","units","0","v52153346","1.5","0","","","","0"
"2023/2024","Canada","2016A000011124","Net interprovincial migration","Persons","249","units","0","v52153346","1.5","0","","","","0"
"1971/1972","Canada","2016A000011124","Residual deviation","Persons","249","units","0","v53437072","1.8","-28748","","","","0"
"1972/1973","Canada","2016A000011124","Residual deviation","Persons","249","units","0","v53437072","1.8","-28670","","","","0"
"1973/1974","Canada","2016A000011124","Residual deviation","Persons","249","units","0","v53437072","1.8","-28671","","","","0"
"1974/1975","Canada","2016A000011124","Residual deviation","Persons","249","units","0","v53437072","1.8","-28673","","","","0"
"1975/1976","Canada","2016A000011124","Residual deviation","Persons","249","units","0","v53437072","1.8","-28032","","","","0"
"1976/1977","Canada","2016A000011124","Residual deviation","Persons","249","units","0","v53437072","1.8","-19940","","","","0"
"1977/1978","Canada","2016A000011124","Residual deviation","Persons","249","units","0","v53437072","1.8","-19936","","","","0"
"1978/1979","Canada","2016A000011124","Residual deviation","Persons","249","units","0","v53437072","1.8","-19937","","","","0"
"1979/1980","Canada","2016A000011124","Residual deviation","Persons","249","units","0","v53437072","1.8","-19993","","","","0"
"1980/1981","Canada","2016A000011124","Residual deviation","Persons","249","units","0","v53437072","1.8","-20068","","","","0"
"1981/1982","Canada","2016A000011124","Residual deviation","Persons","249","units","0","v53437072","1.8","-21619","","","","0"
"1982/1983","Canada","2016A000011124","Residual deviation","Persons","249","units","0","v53437072","1.8","-21616","","","","0"
"1983/1984","Canada","2016A000011124","Residual deviation","Persons","249","units","0","v53437072","1.8","-21679","","","","0"
"1984/1985","Canada","2016A000011124","Residual deviation","Persons","249","units","0","v53437072","1.8","-21619","","","","0"
"1985/1986","Canada","2016A000011124","Residual deviation","Persons","249","units","0","v53437072","1.8","-20165","","","","0"
"1986/1987","Canada","2016A000011124","Residual deviation","Persons","249","units","0","v53437072","1.8","-2665","","","","0"
"1987/1988","Canada","2016A000011124","Residual deviation","Persons","249","units","0","v53437072","1.8","-2673","","","","0"
"1988/1989","Canada","2016A000011124","Residual deviation","Persons","249","units","0","v53437072","1.8","-2665","","","","0"
"1989/1990","Canada","2016A000011124","Residual deviation","Persons","249","units","0","v53437072","1.8","-2667","","","","0"
"1990/1991","Canada","2016A000011124","Residual deviation","Persons","249","units","0","v53437072","1.8","-4253","","","","0"
"1991/1992","Canada","2016A000011124","Residual deviation","Persons","249","units","0","v53437072","1.8","-24183","","","","0"
"1992/1993","Canada","2016A000011124","Residual deviation","Persons","249","units","0","v53437072","1.8","-24120","","","","0"
"1993/1994","Canada","2016A000011124","Residual deviation","Persons","249","units","0","v53437072","1.8","-24116","","","","0"
"1994/1995","Canada","2016A000011124","Residual deviation","Persons","249","units","0","v53437072","1.8","-24121","","","","0"
"1995/1996","Canada","2016A000011124","Residual deviation","Persons","249","units","0","v53437072","1.8","-22326","","","","0"
"1996/1997","Canada","2016A000011124","Residual deviation","Persons","249","units","0","v53437072","1.8","-9978","","","","0"
"1997/1998","Canada","2016A000011124","Residual deviation","Persons","249","units","0","v53437072","1.8","-9978","","","","0"
"1998/1999","Canada","2016A000011124","Residual deviation","Persons","249","units","0","v53437072","1.8","-9977","","","","0"
"1999/2000","Canada","2016A000011124","Residual deviation","Persons","249","units","0","v53437072","1.8","-10008","","","","0"
"2000/2001","Canada","2016A000011124","Residual deviation","Persons","249","units","0","v53437072","1.8","-9802","","","","0"
"2001/2002","Canada","2016A000011124","Residual deviation","Persons","249","units","0","v53437072","1.8","-7875","","","","0"
"2002/2003","Canada","2016A000011124","Residual deviation","Persons","249","units","0","v53437072","1.8","-7873","","","","0"
"2003/2004","Canada","2016A000011124","Residual deviation","Persons","249","units","0","v53437072","1.8","-7895","","","","0"
"2004/2005","Canada","2016A000011124","Residual deviation","Persons","249","units","0","v53437072","1.8","-7872","","","","0"
"2005/2006","Canada","2016A000011124","Residual deviation","Persons","249","units","0","v53437072","1.8","-10886","","","","0"
"2006/2007","Canada","2016A000011124","Residual deviation","Persons","249","units","0","v53437072","1.8","-31800","","","","0"
"2007/2008","Canada","2016A000011124","Residual deviation","Persons","249","units","0","v53437072","1.8","-31887","","","","0"
"2008/2009","Canada","2016A000011124","Residual deviation","Persons","249","units","0","v53437072","1.8","-31798","","","","0"
"2009/2010","Canada","2016A000011124","Residual deviation","Persons","249","units","0","v53437072","1.8","-31800","","","","0"
"2010/2011","Canada","2016A000011124","Residual deviation","Persons","249","units","0","v53437072","1.8","-30684","","","","0"
"2011/2012","Canada","2016A000011124","Residual deviation","Persons","249","units","0","v53437072","1.8","-24049","","","","0"
"2012/2013","Canada","2016A000011124","Residual deviation","Persons","249","units","0","v53437072","1.8","-23981","","","","0"
"2013/2014","Canada","2016A000011124","Residual deviation","Persons","249","units","0","v53437072","1.8","-23983","","","","0"
"2014/2015","Canada","2016A000011124","Residual deviation","Persons","249","units","0","v53437072","1.8","-23984","","","","0"
"2015/2016","Canada","2016A000011124","Residual deviation","Persons","249","units","0","v53437072","1.8","-19456","","","","0"
"2016/2017","Canada","2016A000011124","Residual deviation","Persons","249","units","0","v53437072","1.8","8245","","","","0"
"2017/2018","Canada","2016A000011124","Residual deviation","Persons","249","units","0","v53437072","1.8","8244","","","","0"
"2018/2019","Canada","2016A000011124","Residual deviation","Persons","249","units","0","v53437072","1.8","8246","","","","0"
"2019/2020","Canada","2016A000011124","Residual deviation","Persons","249","units","0","v53437072","1.8","8268","","","","0"
"2020/2021","Canada","2016A000011124","Residual deviation","Persons","249","units","0","v53437072","1.8","7091","","","","0"


